Country Name,Country Code,Indicator Name,Indicator Code,2008,2009,2010,2011,2012,2013,2014,2015,2016,2017,2018
Aruba,ABW,GDP growth (annual %),NY.GDP.MKTP.KD.ZG,-0.090707754,-10.51974761,-3.685029581,3.44605475,-1.369863014,4.198232323,0.84822781,-0.450585761,-0.211225106,1.330511037,
Afghanistan,AFG,GDP growth (annual %),NY.GDP.MKTP.KD.ZG,3.924983823,21.39052841,14.36244146,0.426354793,12.75228708,5.600744661,2.724543365,1.451314655,2.260314205,2.665292046,1.030660058
Angola,AGO,GDP growth (annual %),NY.GDP.MKTP.KD.ZG,11.16613833,0.858712615,4.859219584,3.471981372,8.542147337,4.954590478,4.822625549,0.943575613,-2.58009724,-0.147207426,-2.133493257
Albania,ALB,GDP growth (annual %),NY.GDP.MKTP.KD.ZG,7.49996956,3.349993901,3.706880684,2.545405394,1.417525992,1.001987926,1.770000297,2.230000179,3.349999688,3.836619656,4.004413234
Andorra,AND,GDP growth (annual %),NY.GDP.MKTP.KD.ZG,-8.590003787,-3.69065351,-5.358825775,-4.646543052,-1.615218183,0.351645002,2.277683153,0.842203518,1.889124387,1.724022237,1.629345471
Arab World,ARB,GDP growth (annual %),NY.GDP.MKTP.KD.ZG,5.819174968,0.428316836,4.77207865,3.629086449,6.656678452,3.166151438,2.455200528,3.307618148,3.247325157,0.999881845,2.096746772
United Arab Emirates,ARE,GDP growth (annual %),NY.GDP.MKTP.KD.ZG,3.191836276,-5.242921907,1.602809961,6.930271629,4.484626085,5.053345825,4.398696682,5.064701529,2.988441821,0.790400388,1.423840361
Argentina,ARG,GDP growth (annual %),NY.GDP.MKTP.KD.ZG,4.057233103,-5.918525076,10.12539816,6.003951693,-1.026420454,2.405323781,-2.512615321,2.731159828,-2.080327844,2.668590379,-2.514589602
Armenia,ARM,GDP growth (annual %),NY.GDP.MKTP.KD.ZG,6.900000002,-14.14998864,2.199999998,4.699999999,7.200000004,3.3,3.600000001,3.199999999,0.2,7.500000001,5.2
American Samoa,ASM,GDP growth (annual %),NY.GDP.MKTP.KD.ZG,-2.613480055,-4.237288136,0.442477876,0.293685756,-4.39238653,-2.756508423,0.94488189,1.248049922,-2.619414484,-5.379746835,
Antigua and Barbuda,ATG,GDP growth (annual %),NY.GDP.MKTP.KD.ZG,-0.030133268,-12.10753619,-7.200024461,-2.079127047,3.506609222,-0.103864693,4.658127431,4.025736808,5.589740804,3.032606112,4.930650909
Australia,AUS,GDP growth (annual %),NY.GDP.MKTP.KD.ZG,3.657943717,1.936905392,2.067520093,2.462724647,3.900900023,2.615722477,2.568707043,2.336075481,2.846754951,2.342582287,2.834948133
Austria,AUT,GDP growth (annual %),NY.GDP.MKTP.KD.ZG,1.460425193,-3.764580483,1.837094592,2.922797636,0.680444374,0.025504101,0.661274653,1.142980101,2.039574983,2.55088076,2.729083099
Azerbaijan,AZE,GDP growth (annual %),NY.GDP.MKTP.KD.ZG,10.59143729,9.369502784,4.78883271,-1.572997621,2.202939023,5.84267327,2.797289382,1.050750982,-3.064200035,-0.282011197,1.412873527
Burundi,BDI,GDP growth (annual %),NY.GDP.MKTP.KD.ZG,4.861712995,3.812746937,5.124163303,4.032602496,4.446708222,4.924195261,4.240651644,-3.900003086,-0.600020001,0.500009999,1.599976614
Belgium,BEL,GDP growth (annual %),NY.GDP.MKTP.KD.ZG,0.783158196,-2.253171548,2.744231083,1.79830622,0.234778701,0.200661828,1.254676984,1.739580448,1.452552224,1.734389656,1.437834676
Benin,BEN,GDP growth (annual %),NY.GDP.MKTP.KD.ZG,4.889898637,2.32930121,2.110199297,2.962750351,4.816478241,7.189716312,6.351831941,2.095808383,3.96485991,5.837823305,6.858002271
Burkina Faso,BFA,GDP growth (annual %),NY.GDP.MKTP.KD.ZG,7.29449815,2.962014371,5.373373126,6.626865192,6.452698755,5.792589317,4.326837357,3.894548057,5.934135105,6.302096059,6.50980304
Bangladesh,BGD,GDP growth (annual %),NY.GDP.MKTP.KD.ZG,6.013789759,5.045124794,5.571802274,6.46438388,6.521435078,6.013610365,6.061059359,6.552652796,7.113489474,7.284184092,7.863708893
Bulgaria,BGR,GDP growth (annual %),NY.GDP.MKTP.KD.ZG,6.021883402,-3.586145625,1.324087801,1.914905853,0.030969869,0.493921421,1.837521148,3.471186041,3.936758149,3.811248158,3.081157234
Bahrain,BHR,GDP growth (annual %),NY.GDP.MKTP.KD.ZG,6.245128341,2.539772469,4.334407088,1.983823256,3.732251521,5.416503715,4.34984233,2.861967825,3.470923702,3.803522262,1.777693753
"Bahamas, The",BHS,GDP growth (annual %),NY.GDP.MKTP.KD.ZG,-2.323966973,-4.175260401,1.538777407,0.612897452,3.08668686,-0.410428618,-0.147988573,1.044959524,-1.689549856,1.437191339,
Bosnia and Herzegovina,BIH,GDP growth (annual %),NY.GDP.MKTP.KD.ZG,5.4267266,-3.002752537,0.872151023,0.958953088,-0.821729266,2.351034014,1.148038011,3.088223761,3.145658092,3.163559487,3.066134848
Belarus,BLR,GDP growth (annual %),NY.GDP.MKTP.KD.ZG,10.19999944,0.19999531,7.798266823,5.37870745,1.687135536,1.003470841,1.726384854,-3.829570558,-2.526446436,2.5321835,3.04990555
Belize,BLZ,GDP growth (annual %),NY.GDP.MKTP.KD.ZG,3.228855669,0.670801477,3.383471706,2.162606822,2.937812628,0.851934628,3.692371465,3.431950484,-0.58802365,1.437288946,3.049643797
Bermuda,BMU,GDP growth (annual %),NY.GDP.MKTP.KD.ZG,1.52789391,-5.284177149,-2.094113534,-3.33949441,-4.834540171,-2.511154431,,,,,
Bolivia,BOL,GDP growth (annual %),NY.GDP.MKTP.KD.ZG,6.148497195,3.357001259,4.126719369,5.204095947,5.122274661,6.796011706,5.460567154,4.857188015,4.263919504,4.195209367,4.223624932
Brazil,BRA,GDP growth (annual %),NY.GDP.MKTP.KD.ZG,5.094195447,-0.125811999,7.52822583,3.974423079,1.921175986,3.004822669,0.50395574,-3.545763393,-3.305454313,1.063861259,1.11757918
Barbados,BRB,GDP growth (annual %),NY.GDP.MKTP.KD.ZG,0.1232069,-3.972927837,0.265446224,0.657294139,0.281153637,0.009044044,0.018086453,0.904159132,2.007168459,1,
Brunei Darussalam,BRN,GDP growth (annual %),NY.GDP.MKTP.KD.ZG,-1.939714638,-1.764535541,2.598965746,3.745318352,0.912841671,-2.126028517,-2.34974675,-0.566814609,-2.465514923,1.328751422,0.052346673
Bhutan,BTN,GDP growth (annual %),NY.GDP.MKTP.KD.ZG,4.768354226,6.657223796,11.73085436,7.890913893,5.071709815,2.142496554,5.745455168,6.644564258,8.022101221,4.629101391,2.290648193
Botswana,BWA,GDP growth (annual %),NY.GDP.MKTP.KD.ZG,6.245437363,-7.652310203,8.563631748,6.048316367,4.456167213,11.34342425,4.149289893,-1.697965616,4.303773353,2.90753491,4.453559601
Central African Republic,CAF,GDP growth (annual %),NY.GDP.MKTP.KD.ZG,2.054130962,8.587260426,4.630818432,4.194615337,5.053761254,-36.03742608,0.117267103,4.56280844,5.006285824,4.457283162,4.340609983
Canada,CAN,GDP growth (annual %),NY.GDP.MKTP.KD.ZG,1.001059411,-2.949450662,3.082591592,3.141950887,1.753890418,2.319882289,2.858996461,0.674305601,1.100471479,2.985033351,1.878588928
Central Europe and the Baltics,CEB,GDP growth (annual %),NY.GDP.MKTP.KD.ZG,3.890738595,-3.450058197,1.556048138,3.206921858,0.74300415,1.337720587,3.048592204,3.830079284,3.141229893,4.720690224,4.301360947
Switzerland,CHE,GDP growth (annual %),NY.GDP.MKTP.KD.ZG,2.154701861,-2.222107121,3.002699108,1.692808495,1.006024097,1.852039757,2.449218097,1.333369086,1.601223556,1.616692155,2.540426713
Channel Islands,CHI,GDP growth (annual %),NY.GDP.MKTP.KD.ZG,,,,,,,,,,,
Chile,CHL,GDP growth (annual %),NY.GDP.MKTP.KD.ZG,3.529530553,-1.564239443,5.844177296,6.110918829,5.318628,4.045004298,1.766739784,2.303767036,1.670540173,1.279183341,4.024652965
China,CHN,GDP growth (annual %),NY.GDP.MKTP.KD.ZG,9.654289373,9.399813171,10.63614046,9.55091409,7.859627493,7.768615284,7.299518921,6.90531667,6.736675253,6.757007611,6.6
Cote d'Ivoire,CIV,GDP growth (annual %),NY.GDP.MKTP.KD.ZG,2.542841476,3.251453719,2.017638592,-4.387254788,10.7065041,8.889421302,8.79407739,8.84285995,7.971751186,7.702089422,7.433071625
Cameroon,CMR,GDP growth (annual %),NY.GDP.MKTP.KD.ZG,3.488800919,2.198664102,3.422507641,4.129277161,4.543265016,5.40426571,5.884059327,5.651463744,4.648481551,3.549087318,3.859896996
"Congo, Dem. Rep.",COD,GDP growth (annual %),NY.GDP.MKTP.KD.ZG,6.225894269,2.85506401,7.107976576,6.87467089,7.086898947,8.481956636,9.470288098,6.91618781,2.399379098,3.726947653,5.757932738
"Congo, Rep.",COG,GDP growth (annual %),NY.GDP.MKTP.KD.ZG,5.572233235,7.468942484,8.751601459,3.420665681,3.799971313,3.440705249,6.779916158,2.646485877,-2.800018788,-3.1,1.025554207
Colombia,COL,GDP growth (annual %),NY.GDP.MKTP.KD.ZG,3.257048465,1.205422095,4.347553268,7.362530914,3.903054219,4.566869773,4.728312246,2.955945907,2.087382502,1.351326676,2.658121
Comoros,COM,GDP growth (annual %),NY.GDP.MKTP.KD.ZG,3.999971991,3.200113112,3.799933455,4.099846955,3.200272903,4.499874215,2.100006438,1.099964632,2.188197456,2.707658829,2.8
Cabo Verde,CPV,GDP growth (annual %),NY.GDP.MKTP.KD.ZG,6.650520523,-1.270425968,1.466790097,3.968886345,1.081918279,0.802797601,0.611212666,1.006863707,4.705791509,4.013257244,5.520564475
Costa Rica,CRI,GDP growth (annual %),NY.GDP.MKTP.KD.ZG,4.649598233,-0.970548313,4.951863844,4.30710166,4.796919918,2.269027401,3.515338564,3.631731441,4.245989878,3.397181701,2.664049844
Caribbean small states,CSS,GDP growth (annual %),NY.GDP.MKTP.KD.ZG,1.238771436,-3.558519175,1.462283047,1.118179596,1.323901351,1.220144689,0.330079321,1.168251237,-2.050513936,0.294576117,1.638643838
Cuba,CUB,GDP growth (annual %),NY.GDP.MKTP.KD.ZG,4.116828042,1.451305431,2.390352297,2.802300836,3.014900289,2.747602563,1.047576632,4.438141959,0.513761468,1.783497627,
Curacao,CUW,GDP growth (annual %),NY.GDP.MKTP.KD.ZG,2.188046412,-0.531309939,0.082305218,0.612609896,-0.138918185,-0.794106979,-1.138837929,0.278695607,-0.986570598,-1.739764784,
Cayman Islands,CYM,GDP growth (annual %),NY.GDP.MKTP.KD.ZG,-0.357401373,-7.200482782,-2.715636823,1.169062695,1.229753683,1.279330593,2.654529322,2.833122427,3.096282407,3.039347467,
Cyprus,CYP,GDP growth (annual %),NY.GDP.MKTP.KD.ZG,3.646776516,-2.015241129,1.335403498,0.403429932,-2.878099556,-5.799304664,-1.311465423,1.96230401,4.812187624,4.468879044,3.875984867
Czech Republic,CZE,GDP growth (annual %),NY.GDP.MKTP.KD.ZG,2.682282724,-4.802572091,2.273420052,1.777833187,-0.799844281,-0.483671041,2.715116132,5.309238519,2.450542387,4.352603518,2.892972506
Germany,DEU,GDP growth (annual %),NY.GDP.MKTP.KD.ZG,1.082315404,-5.618860435,4.079933305,3.660000155,0.491992829,0.489584482,2.178066561,1.738967619,2.242235099,2.15710947,1.425303467
Djibouti,DJI,GDP growth (annual %),NY.GDP.MKTP.KD.ZG,,,,,,,8.920584625,9.683798116,8.722260061,4.090263628,5.9553679
Dominica,DMA,GDP growth (annual %),NY.GDP.MKTP.KD.ZG,7.120741901,-1.169757154,0.672543298,-0.223681462,-1.058782938,-0.60769227,4.388896102,-2.55050302,2.522050874,-9.530409524,0.532740632
Denmark,DNK,GDP growth (annual %),NY.GDP.MKTP.KD.ZG,-0.512025222,-4.906525558,1.870992639,1.336774667,0.226468476,0.933349282,1.619374971,2.342620274,2.39968219,2.262366309,1.421079419
Dominican Republic,DOM,GDP growth (annual %),NY.GDP.MKTP.KD.ZG,3.209504262,0.946155168,8.33965106,3.133423003,2.717367897,4.875205093,7.636031824,7.033371069,6.612208223,4.551815138,6.950743086
Algeria,DZA,GDP growth (annual %),NY.GDP.MKTP.KD.ZG,2.360134861,1.632243838,3.634145353,2.891865995,3.374768651,2.767638867,3.789121212,3.763466958,3.3,1.600000001,2.1
East Asia & Pacific (excluding high income),EAP,GDP growth (annual %),NY.GDP.MKTP.KD.ZG,8.432599776,7.69447111,9.776601958,8.468535738,7.509146018,7.200882145,6.759320584,6.509708361,6.36845598,6.472427998,6.323923305
Early-demographic dividend,EAR,GDP growth (annual %),NY.GDP.MKTP.KD.ZG,3.451290266,0.632749856,6.167965018,4.971648831,4.232380113,4.29850886,4.012383242,4.659415039,4.79283276,4.695149887,4.09981908
East Asia & Pacific,EAS,GDP growth (annual %),NY.GDP.MKTP.KD.ZG,3.521939865,1.377005152,7.06145117,4.614682137,4.684398922,4.750226541,4.126602924,4.134023113,4.043006986,4.585208689,4.206874446
Europe & Central Asia (excluding high income),ECA,GDP growth (annual %),NY.GDP.MKTP.KD.ZG,4.414694226,-5.951085118,5.079791293,6.042022837,3.700544161,4.035659955,2.229524875,0.818800416,1.743273871,4.027853444,2.767579039
Europe & Central Asia,ECS,GDP growth (annual %),NY.GDP.MKTP.KD.ZG,1.048003684,-4.462596013,2.561912148,2.369363501,0.314010049,0.894553579,1.866302694,2.042572159,1.927627516,2.652034133,2.1059068
Ecuador,ECU,GDP growth (annual %),NY.GDP.MKTP.KD.ZG,6.3571306,0.566491592,3.525298669,7.868140919,5.641962067,4.946511267,3.788868549,0.098872608,-1.226383985,2.368386526,1.37712703
"Egypt, Arab Rep.",EGY,GDP growth (annual %),NY.GDP.MKTP.KD.ZG,7.156283566,4.6735998,5.147234858,1.764571949,2.226199799,2.185466054,2.91591188,4.372019078,4.346643456,4.181221,5.314121037
Euro area,EMU,GDP growth (annual %),NY.GDP.MKTP.KD.ZG,0.474207281,-4.503462969,2.078851071,1.634892866,-0.858105212,-0.24750993,1.401978659,2.114215347,1.930350418,2.414248317,1.894936628
Eritrea,ERI,GDP growth (annual %),NY.GDP.MKTP.KD.ZG,-9.783030037,3.87650156,2.194190545,8.679799936,,,,,,,
Spain,ESP,GDP growth (annual %),NY.GDP.MKTP.KD.ZG,1.11768686,-3.573751449,0.014063878,-0.998764958,-2.927750507,-1.705705,1.379997238,3.644680152,3.17258966,2.979182401,2.581746534
Estonia,EST,GDP growth (annual %),NY.GDP.MKTP.KD.ZG,-5.41945589,-14.72440391,2.259075894,7.597300209,4.307258988,1.936543444,2.888563845,1.90028659,3.489097111,4.856686856,3.865753581
Ethiopia,ETH,GDP growth (annual %),NY.GDP.MKTP.KD.ZG,10.78852169,8.802553198,12.55053835,11.17829623,8.647811633,10.58227005,10.25749296,10.39246302,9.433482658,9.503858571,6.810169391
European Union,EUU,GDP growth (annual %),NY.GDP.MKTP.KD.ZG,0.536768932,-4.343015738,2.086414783,1.755444229,-0.396453462,0.257279743,1.784416352,2.349474797,2.027090443,2.482225474,1.998395318
Fragile and conflict affected situations,FCS,GDP growth (annual %),NY.GDP.MKTP.KD.ZG,5.506403631,4.618788467,6.563475533,-5.429485081,12.28426765,3.855178878,1.083963208,2.207629639,5.211898644,2.98009593,2.349608255
Finland,FIN,GDP growth (annual %),NY.GDP.MKTP.KD.ZG,0.720668487,-8.269036558,2.992337502,2.570817745,-1.42618936,-0.758036295,-0.631728091,0.50066201,2.77192552,2.65252953,2.329179201
Fiji,FJI,GDP growth (annual %),NY.GDP.MKTP.KD.ZG,1.032794215,-1.386037485,2.954672074,2.705142971,1.411313661,4.734220415,5.603514517,4.663807838,2.645289584,5.179743526,5
France,FRA,GDP growth (annual %),NY.GDP.MKTP.KD.ZG,0.254945947,-2.87331385,1.949437632,2.192700651,0.313134744,0.576326679,0.956183042,1.112912342,1.095464394,2.260202722,1.724880628
Faroe Islands,FRO,GDP growth (annual %),NY.GDP.MKTP.KD.ZG,,,,,,,,,,,
"Micronesia, Fed. Sts.",FSM,GDP growth (annual %),NY.GDP.MKTP.KD.ZG,-2.217724288,1.177192743,2.041890243,3.347067156,-1.989479307,-3.858525094,-2.156058931,4.931500557,0.700002436,3.199981628,1.4
Gabon,GAB,GDP growth (annual %),NY.GDP.MKTP.KD.ZG,-3.308430649,0.13033112,7.089887315,7.091753343,5.251076918,5.638699003,4.314964441,3.878899395,2.091442208,0.479762271,1.221103578
United Kingdom,GBR,GDP growth (annual %),NY.GDP.MKTP.KD.ZG,-0.345916655,-4.246551566,1.711206445,1.644770017,1.447060443,2.046299585,2.947562163,2.349122692,1.789288659,1.822927774,1.397607592
Georgia,GEO,GDP growth (annual %),NY.GDP.MKTP.KD.ZG,2.418572208,-3.650513994,6.249487789,7.221608905,6.35079784,3.386770836,4.623613264,2.880526546,2.846603299,4.832686291,4.71737338
Ghana,GHA,GDP growth (annual %),NY.GDP.MKTP.KD.ZG,9.149798975,4.844486998,7.899711889,14.04712363,9.292789405,7.312525007,2.89743883,2.1782068,3.447792974,8.143446497,6.263480772
Gibraltar,GIB,GDP growth (annual %),NY.GDP.MKTP.KD.ZG,,,,,,,,,,,
Guinea,GIN,GDP growth (annual %),NY.GDP.MKTP.KD.ZG,4.136616153,-1.117638595,4.820715414,5.612104279,5.916911732,3.934784025,3.707451613,3.81494989,10.82880684,13.36010547,8.659393206
"Gambia, The",GMB,GDP growth (annual %),NY.GDP.MKTP.KD.ZG,5.734641951,6.449695913,6.526297338,-4.295121768,5.599761323,4.788921891,-0.940235529,5.868247526,0.405596589,4.557731909,6.59999512
Guinea-Bissau,GNB,GDP growth (annual %),NY.GDP.MKTP.KD.ZG,3.203567307,3.368974958,4.6109709,8.084779734,-1.712683012,3.255904265,0.964560751,6.134082941,6.262805638,5.919176626,3.799999998
Equatorial Guinea,GNQ,GDP growth (annual %),NY.GDP.MKTP.KD.ZG,17.79910913,1.343356288,-8.924175889,6.52392363,8.312871844,-4.133198501,0.415066302,-9.110041149,-8.816417232,-4.685683868,-2.949730189
Greece,GRC,GDP growth (annual %),NY.GDP.MKTP.KD.ZG,-0.335172557,-4.300733667,-5.479037108,-9.132494153,-7.300493935,-3.241425025,0.739777123,-0.437833918,-0.190952277,1.505099308,1.934370821
Grenada,GRD,GDP growth (annual %),NY.GDP.MKTP.KD.ZG,0.947542625,-6.613281348,-0.511262754,0.764976824,-1.155143735,2.351418773,7.344076522,6.443143733,3.735614132,5.05921616,4.826983935
Greenland,GRL,GDP growth (annual %),NY.GDP.MKTP.KD.ZG,6.166132702,0.865952329,1.735825059,-0.496519392,1.39419336,-1.298280693,4.706469791,-2.529498324,5.955617683,0.987493074,
Guatemala,GTM,GDP growth (annual %),NY.GDP.MKTP.KD.ZG,3.28107984,0.526042983,2.869487756,4.16204894,2.969857401,3.697585601,4.174169137,4.140044358,3.092482558,2.760338484,3.145000458
Guam,GUM,GDP growth (annual %),NY.GDP.MKTP.KD.ZG,1.728922092,0.314729333,2.091612633,0.12292563,2.025782689,1.825110309,1.733307071,0.561471442,0.250288795,0.192049165,
Guyana,GUY,GDP growth (annual %),NY.GDP.MKTP.KD.ZG,1.976647054,3.552158264,4.138443121,5.196298129,5.276306143,5.000564991,3.846923912,3.162407787,3.316131655,2.080177394,3.442654063
High income,HIC,GDP growth (annual %),NY.GDP.MKTP.KD.ZG,0.3898271,-3.328239584,2.93549698,1.847528475,1.28934361,1.435564982,2.03761159,2.326822479,1.702557452,2.256178521,2.196477932
"Hong Kong SAR, China",HKG,GDP growth (annual %),NY.GDP.MKTP.KD.ZG,2.127898968,-2.459131804,6.767685414,4.814677242,1.700277398,3.101516224,2.762394452,2.387808053,2.176392352,3.838406307,3.02140153
Honduras,HND,GDP growth (annual %),NY.GDP.MKTP.KD.ZG,4.23160011,-2.43162788,3.731140344,3.835690662,4.128687749,2.791559757,3.058080562,3.840079971,3.892972197,4.788026945,3.745584746
Heavily indebted poor countries (HIPC),HPC,GDP growth (annual %),NY.GDP.MKTP.KD.ZG,6.055523633,4.270000385,5.864022377,4.522935953,5.715865145,5.773227593,5.568530683,4.921544707,4.634620259,5.168973749,4.103315802
Croatia,HRV,GDP growth (annual %),NY.GDP.MKTP.KD.ZG,2.036460603,-7.291430906,-1.472916296,-0.340190378,-2.300642858,-0.491748791,-0.087513347,2.400591879,3.536129557,2.921363374,2.629826089
Haiti,HTI,GDP growth (annual %),NY.GDP.MKTP.KD.ZG,0.843944574,3.083247861,-5.497792435,5.523738146,2.885095378,4.234053206,2.810148238,1.211218752,1.452706658,1.173279505,1.483883035
Hungary,HUN,GDP growth (annual %),NY.GDP.MKTP.KD.ZG,0.851321308,-6.600993646,0.65529337,1.657657422,-1.631403337,2.093642164,4.224653755,3.536425476,2.28079775,4.137063937,4.940418685
IBRD only,IBD,GDP growth (annual %),NY.GDP.MKTP.KD.ZG,5.550999339,2.023361933,7.312169938,5.99836666,5.030347151,4.966815315,4.274226139,3.839885675,4.26922525,4.859708837,4.618216081
IDA & IBRD total,IBT,GDP growth (annual %),NY.GDP.MKTP.KD.ZG,5.537171952,2.228295231,7.241099801,5.903518071,5.007227469,5.030355428,4.36554638,3.861304311,4.188881449,4.81794031,4.596628183
IDA total,IDA,GDP growth (annual %),NY.GDP.MKTP.KD.ZG,5.333351295,5.220967572,6.234791324,4.546901677,4.671427677,5.956402797,5.68403711,4.161145239,3.067612139,4.22581063,4.295081142
IDA blend,IDB,GDP growth (annual %),NY.GDP.MKTP.KD.ZG,4.378667425,5.689939021,6.275417131,4.999397446,4.54767959,5.83120443,5.7831753,3.873094127,1.532523269,2.717393058,3.528048478
Indonesia,IDN,GDP growth (annual %),NY.GDP.MKTP.KD.ZG,6.0137036,4.628871183,6.223854181,6.169784208,6.030050653,5.557263689,5.006668426,4.8763223,5.033069183,5.067406366,5.171270328
IDA only,IDX,GDP growth (annual %),NY.GDP.MKTP.KD.ZG,6.353793921,4.740310367,6.192775698,4.078561719,4.801059262,6.087236526,5.580686595,4.462011394,4.661955972,5.758166128,5.051882467
Isle of Man,IMN,GDP growth (annual %),NY.GDP.MKTP.KD.ZG,4.7,2.1,3.4,2,3.2,4.5,5,-0.9,7.4,,
India,IND,GDP growth (annual %),NY.GDP.MKTP.KD.ZG,3.086699374,7.861882372,8.497586876,5.241314225,5.456387552,6.386106401,7.410227605,7.996253786,8.169526505,7.167888861,6.982333556
Not classified,INX,GDP growth (annual %),NY.GDP.MKTP.KD.ZG,,,,,,,,,,,
Ireland,IRL,GDP growth (annual %),NY.GDP.MKTP.KD.ZG,-4.40538057,-5.022238978,1.922042197,3.721000971,0.182644559,1.336920542,8.80052941,25.11725091,4.987582437,7.221788744,6.653618494
"Iran, Islamic Rep.",IRN,GDP growth (annual %),NY.GDP.MKTP.KD.ZG,0.250856553,1.007385458,5.797938302,2.645717918,-7.44455703,-0.194073471,4.60341888,-1.32064512,13.39624446,3.755187367,
Iraq,IRQ,GDP growth (annual %),NY.GDP.MKTP.KD.ZG,8.228107104,3.379299094,6.402564845,7.5464712,13.93643017,7.6,0.7,2.477664617,13.57221884,-1.671287156,0.632455398
Iceland,ISL,GDP growth (annual %),NY.GDP.MKTP.KD.ZG,1.991980807,-6.77721505,-3.435878079,1.881619484,1.296436095,4.1338511,2.080287199,4.467860508,7.351475302,4.603781379,4.611476029
Israel,ISR,GDP growth (annual %),NY.GDP.MKTP.KD.ZG,2.875709421,1.164349499,5.507560152,4.968207043,2.116193517,4.144575228,3.897895909,2.567352135,4.007888724,3.44461203,3.30883147
Italy,ITA,GDP growth (annual %),NY.GDP.MKTP.KD.ZG,-1.050402835,-5.48205504,1.686523403,0.576623022,-2.819013779,-1.728160802,0.113673238,0.923992488,1.118900618,1.68418261,0.858260216
Jamaica,JAM,GDP growth (annual %),NY.GDP.MKTP.KD.ZG,-0.811736703,-4.336650187,-1.457848415,1.725764011,-0.614918541,0.50381745,0.688117553,0.90484599,1.380658383,0.978556223,1.856268892
Jordan,JOR,GDP growth (annual %),NY.GDP.MKTP.KD.ZG,7.23240848,5.47658105,2.311392474,2.586784331,2.651170555,2.828766804,3.096330275,2.39169597,2.003733642,2.115732889,1.940292205
Japan,JPN,GDP growth (annual %),NY.GDP.MKTP.KD.ZG,-1.0935406,-5.416412797,4.191739259,-0.11542134,1.495089586,2.000267841,0.374719476,1.222921041,0.609093181,1.928757251,0.787965413
Kazakhstan,KAZ,GDP growth (annual %),NY.GDP.MKTP.KD.ZG,3.3,1.2,7.3,7.4,4.8,6,4.2,1.2,1.1,4.1,4.1
Kenya,KEN,GDP growth (annual %),NY.GDP.MKTP.KD.ZG,0.232282746,3.306939815,8.405699224,6.10826372,4.563209131,5.878680567,5.357125643,5.718507134,5.878949299,4.862538221,6.319781365
Kyrgyz Republic,KGZ,GDP growth (annual %),NY.GDP.MKTP.KD.ZG,8.401615957,2.8862947,-0.471566848,5.956274377,-0.2,10.9,4,3.9,4.3,4.7,3.5
Cambodia,KHM,GDP growth (annual %),NY.GDP.MKTP.KD.ZG,6.691577475,0.086696959,5.963078575,7.069569946,7.313345505,7.356665149,7.142571101,7.036087179,7.030966776,7.01503011,7.520444426
Kiribati,KIR,GDP growth (annual %),NY.GDP.MKTP.KD.ZG,-2.091436758,0.802751509,-0.923884657,1.594561102,4.713319136,4.214773912,-0.697828087,10.40540793,5.129750525,0.328439777,2.001036031
St. Kitts and Nevis,KNA,GDP growth (annual %),NY.GDP.MKTP.KD.ZG,6.487853972,-3.368479443,-1.466050863,1.783898309,-0.65567257,5.465974008,6.055577599,2.146656524,2.317508505,1.170562676,3.001453555
"Korea, Rep.",KOR,GDP growth (annual %),NY.GDP.MKTP.KD.ZG,2.829223173,0.707509946,6.496793586,3.681688569,2.292397846,2.896204935,3.341447761,2.790236167,2.929304795,3.062768462,2.668311402
Kuwait,KWT,GDP growth (annual %),NY.GDP.MKTP.KD.ZG,2.479843833,-7.076102616,-2.367061944,9.628436082,6.626388081,1.149038847,0.500876982,0.593019617,2.926121132,-3.48154919,1.240055498
Latin America & Caribbean (excluding high income),LAC,GDP growth (annual %),NY.GDP.MKTP.KD.ZG,4.038518232,-1.920366101,6.009045752,4.407719708,2.697394797,2.730501731,0.971010317,-0.064061083,-0.482336545,1.734269699,1.41425918
Lao PDR,LAO,GDP growth (annual %),NY.GDP.MKTP.KD.ZG,7.824902763,7.501774913,8.526905517,8.038652681,8.026098434,8.026300226,7.611963441,7.269591775,7.023091874,6.851431259,6.500868407
Lebanon,LBN,GDP growth (annual %),NY.GDP.MKTP.KD.ZG,9.248842241,10.05447737,8.037249354,0.917698798,2.720151566,2.619160879,1.884285662,0.415030765,1.6055246,0.551994777,0.199990636
Liberia,LBR,GDP growth (annual %),NY.GDP.MKTP.KD.ZG,7.145688998,5.300539377,6.099827602,8.20076584,7.993815693,8.704028066,0.701143912,0,-1.599584075,2.468626095,1.222551313
Libya,LBY,GDP growth (annual %),NY.GDP.MKTP.KD.ZG,2.66735579,-0.790141832,5.021289739,-62.07591958,123.1395552,-13.59999997,-24.00000003,-8.862039363,-2.79546889,26.67587012,7.838242187
St. Lucia,LCA,GDP growth (annual %),NY.GDP.MKTP.KD.ZG,4.977063729,-1.454036303,0.303818186,4.139375889,-0.313727784,-1.995801641,0.004704771,0.27250039,3.890279886,3.671861435,0.597633577
Latin America & Caribbean,LCN,GDP growth (annual %),NY.GDP.MKTP.KD.ZG,3.919989954,-1.875660812,5.849832657,4.391082215,2.785986913,2.759983741,1.004060269,0.087392111,-0.35451717,1.656188214,1.457673959
Least developed countries: UN classification,LDC,GDP growth (annual %),NY.GDP.MKTP.KD.ZG,7.157104074,4.612580564,6.226265529,3.790280805,4.870393344,5.747941231,5.458363283,4.047271519,3.679127971,4.841495295,4.22537769
Low income,LIC,GDP growth (annual %),NY.GDP.MKTP.KD.ZG,6.023617951,5.243010274,6.930957447,3.478371018,3.291089833,6.120129996,5.82880569,2.874425853,3.074305895,4.957841233,4.948319904
Liechtenstein,LIE,GDP growth (annual %),NY.GDP.MKTP.KD.ZG,1.798087686,-1.157481822,,,,,,,,,
Sri Lanka,LKA,GDP growth (annual %),NY.GDP.MKTP.KD.ZG,5.950088145,3.538912053,8.015967371,8.404733021,9.144572246,3.39573265,4.960700592,5.007683305,4.486634531,3.419819189,3.209131128
Lower middle income,LMC,GDP growth (annual %),NY.GDP.MKTP.KD.ZG,4.613325144,4.942483003,6.845015339,4.992498618,5.178604378,5.640663729,5.656154314,5.585128712,5.567017499,5.557649482,5.545948605
Low & middle income,LMY,GDP growth (annual %),NY.GDP.MKTP.KD.ZG,5.593599664,2.296649061,7.362324521,5.933940354,5.096494747,5.128742468,4.420384347,3.888344613,4.243077396,4.857397353,4.603131525
Lesotho,LSO,GDP growth (annual %),NY.GDP.MKTP.KD.ZG,6.739533599,2.154308341,6.072038316,6.901334391,5.998071782,1.843764299,3.121711574,2.766659687,3.178986427,-2.286299107,1.473326988
Late-demographic dividend,LTE,GDP growth (annual %),NY.GDP.MKTP.KD.ZG,6.51456757,2.643729643,7.620953212,6.755704839,5.375801256,5.208141277,4.597231855,3.875715833,3.795239228,4.695157965,4.812314281
Lithuania,LTU,GDP growth (annual %),NY.GDP.MKTP.KD.ZG,2.628077961,-14.81416332,1.639819649,6.043130715,3.82695401,3.49858087,3.537585824,2.020627995,2.353181307,4.139948473,3.493688808
Luxembourg,LUX,GDP growth (annual %),NY.GDP.MKTP.KD.ZG,-1.279585572,-4.358607005,4.86496856,2.539234839,-0.35251936,3.654370385,4.296786425,3.915962767,2.411430786,1.54566061,2.602673946
Latvia,LVA,GDP growth (annual %),NY.GDP.MKTP.KD.ZG,-3.547644225,-14.40169178,-3.940670306,6.381021259,4.034628375,2.429851208,1.858243652,2.971703832,2.064381296,4.636479621,4.769716682
"Macao SAR, China",MAC,GDP growth (annual %),NY.GDP.MKTP.KD.ZG,3.393746069,1.321130535,25.26388071,21.67243567,9.237399626,11.20006788,-1.201086,-21.59448768,-0.858021516,9.703992759,4.708202627
St. Martin (French part),MAF,GDP growth (annual %),NY.GDP.MKTP.KD.ZG,,,,,,,,,,,
Morocco,MAR,GDP growth (annual %),NY.GDP.MKTP.KD.ZG,5.923277686,4.243757321,3.815717917,5.245697297,3.009961262,4.5354242,2.669493927,4.536378168,1.125977451,4.087506817,2.950062019
Monaco,MCO,GDP growth (annual %),NY.GDP.MKTP.KD.ZG,0.73180068,-11.31750715,2.054293852,7.07370085,0.984960325,9.570798785,7.179636849,4.942329761,3.213848834,-3.5,
Moldova,MDA,GDP growth (annual %),NY.GDP.MKTP.KD.ZG,7.8000001,-6.000000259,7.100000092,5.818166405,-0.589734135,9.043865528,4.999625584,-0.338235296,4.408886743,4.690793428,4
Madagascar,MDG,GDP growth (annual %),NY.GDP.MKTP.KD.ZG,7.128513539,-4.013860583,0.263110856,1.454392168,3.027508092,2.25520404,3.315854165,3.116614714,4.179990236,4.30687978,5.187718738
Maldives,MDV,GDP growth (annual %),NY.GDP.MKTP.KD.ZG,9.485332661,-7.228841465,7.265129068,8.566733531,2.517383942,7.281073979,7.329606386,2.884567526,7.28918633,6.911694465,6.053235368
Middle East & North Africa,MEA,GDP growth (annual %),NY.GDP.MKTP.KD.ZG,4.486541604,0.51840414,5.046856195,3.694172409,3.879791822,2.688896743,2.921146462,2.509975644,4.823190301,1.604305246,2.368208533
Mexico,MEX,GDP growth (annual %),NY.GDP.MKTP.KD.ZG,1.143584587,-5.285744137,5.118118143,3.66300793,3.642322679,1.354091962,2.804340128,3.287991599,2.921615165,2.069715185,1.994206817
Marshall Islands,MHL,GDP growth (annual %),NY.GDP.MKTP.KD.ZG,-1.644874333,-1.63596768,6.453637685,1.206520774,3.457866763,2.860079216,-0.756942819,-0.364546612,1.910494988,3.599971042,2.5
Middle income,MIC,GDP growth (annual %),NY.GDP.MKTP.KD.ZG,5.587922854,2.255333017,7.368550205,5.969235794,5.12164206,5.11517399,4.400923907,3.902790831,4.259565125,4.856024965,4.598299582
North Macedonia,MKD,GDP growth (annual %),NY.GDP.MKTP.KD.ZG,5.47200139,-0.358614857,3.358750858,2.339886045,-0.455922696,2.924726568,3.629641308,3.855610302,2.848441461,0.240521014,2.664591889
Mali,MLI,GDP growth (annual %),NY.GDP.MKTP.KD.ZG,4.773382727,4.6790657,5.413452222,3.240252913,-0.836178866,2.303584809,7.043356204,5.962581591,5.799999995,5.400000103,4.899995745
Malta,MLT,GDP growth (annual %),NY.GDP.MKTP.KD.ZG,3.346512731,-2.462277722,3.542683214,1.337066989,2.682970416,4.540005063,8.532470045,10.66106138,5.704630128,6.705510407,6.552731679
Myanmar,MMR,GDP growth (annual %),NY.GDP.MKTP.KD.ZG,10.25530539,10.5500091,9.634439452,5.591482378,7.332670447,8.426001025,7.990915597,6.99284029,5.862472915,6.758628824,6.200051072
Middle East & North Africa (excluding high income),MNA,GDP growth (annual %),NY.GDP.MKTP.KD.ZG,3.52300067,2.555719496,5.271638711,-0.929361354,2.804807002,1.662707342,2.092883423,0.984977951,7.502678138,3.042903434,
Montenegro,MNE,GDP growth (annual %),NY.GDP.MKTP.KD.ZG,7.222789984,-5.795092859,2.734341541,3.228450387,-2.723768654,3.549013918,1.783682046,3.390420876,2.949338685,4.716464962,4.854443645
Mongolia,MNG,GDP growth (annual %),NY.GDP.MKTP.KD.ZG,8.900367946,-1.268598941,6.365161685,17.29077758,12.31981985,11.64891619,7.885225482,2.379835807,1.168393456,5.30166847,6.948838685
Northern Mariana Islands,MNP,GDP growth (annual %),NY.GDP.MKTP.KD.ZG,-11.0701107,-17.53112033,1.383647799,-7.692307692,0.537634409,2.406417112,3.785900783,3.396226415,28.22384428,25.14231499,
Mozambique,MOZ,GDP growth (annual %),NY.GDP.MKTP.KD.ZG,6.876205447,6.351970259,6.687221601,7.117606668,7.198185828,7.141683329,7.444069441,6.593985957,3.763275593,3.736958241,3.264865871
Mauritania,MRT,GDP growth (annual %),NY.GDP.MKTP.KD.ZG,1.079967167,-1.042081704,4.773697175,4.704066531,5.795078172,6.090258732,5.579543856,1.399999997,2,3.02948016,3.600000006
Mauritius,MUS,GDP growth (annual %),NY.GDP.MKTP.KD.ZG,5.386962558,3.31507699,4.377203227,4.077538076,3.49611836,3.360406098,3.744575777,3.553071704,3.837932654,3.814152108,3.773818909
Malawi,MWI,GDP growth (annual %),NY.GDP.MKTP.KD.ZG,7.639736774,8.328110276,6.874065635,4.854055109,1.885799507,5.199999998,5.700000004,2.799999999,2.484040626,4.000030517,3.5
Malaysia,MYS,GDP growth (annual %),NY.GDP.MKTP.KD.ZG,4.831769887,-1.513528719,7.424847386,5.29391284,5.473454192,4.69372252,6.00672195,5.091515721,4.223410194,5.897009293,4.723633667
North America,NAC,GDP growth (annual %),NY.GDP.MKTP.KD.ZG,-0.0266708,-2.577838168,2.612244506,1.703697389,2.198391207,1.887611618,2.492075092,2.662726012,1.521958402,2.291170807,2.761877061
Namibia,NAM,GDP growth (annual %),NY.GDP.MKTP.KD.ZG,2.649811967,0.2959709,6.039249546,5.091338198,5.061682013,5.614719701,6.351677961,6.086376114,1.123168867,-0.867877108,-0.074676825
New Caledonia,NCL,GDP growth (annual %),NY.GDP.MKTP.KD.ZG,,,,,,,,,,,
Niger,NER,GDP growth (annual %),NY.GDP.MKTP.KD.ZG,9.587695728,-0.71267743,8.36421953,2.283008487,11.84981918,5.268414897,7.529043068,4.337072369,4.925930933,4.893436692,5.172698263
Nigeria,NGA,GDP growth (annual %),NY.GDP.MKTP.KD.ZG,6.764472778,8.036925102,8.005655915,5.307924204,4.230061175,6.671335393,6.309718656,2.652693295,-1.61686895,0.80588662,1.937268068
Nicaragua,NIC,GDP growth (annual %),NY.GDP.MKTP.KD.ZG,3.435716936,-3.292665159,4.410099117,6.316685535,6.496136543,4.927094063,4.7854602,4.792267648,4.563147375,4.675475377,-3.815710169
Netherlands,NLD,GDP growth (annual %),NY.GDP.MKTP.KD.ZG,2.170324787,-3.666884007,1.342739444,1.551189245,-1.030353997,-0.130175239,1.423395401,1.959169699,2.191713725,2.868832199,2.673367276
Norway,NOR,GDP growth (annual %),NY.GDP.MKTP.KD.ZG,0.480744476,-1.690996963,0.691663072,0.971934879,2.721626792,1.044389078,1.975117446,1.970052934,1.187354764,1.980437749,1.446029641
Nepal,NPL,GDP growth (annual %),NY.GDP.MKTP.KD.ZG,6.104639142,4.53307872,4.81641465,3.421828241,4.781192258,4.128877676,5.988984661,3.322905439,0.588678499,7.90574161,6.289762173
Nauru,NRU,GDP growth (annual %),NY.GDP.MKTP.KD.ZG,34.41929066,8.659698371,13.55082678,11.68452207,10.08655154,34.21498251,36.52409809,2.808191226,10.400004,4.154685104,-3.47826087
New Zealand,NZL,GDP growth (annual %),NY.GDP.MKTP.KD.ZG,-1.008893927,-0.213698252,1.5392456,2.334200281,2.225965502,2.575386016,3.71553302,3.584704557,3.64579895,3.128460818,2.782674165
OECD members,OED,GDP growth (annual %),NY.GDP.MKTP.KD.ZG,0.256397917,-3.477665867,2.886706143,1.804573799,1.270515519,1.472843687,2.054296602,2.422829122,1.741710582,2.419673973,2.205190485
Oman,OMN,GDP growth (annual %),NY.GDP.MKTP.KD.ZG,8.199695813,6.112453761,4.804711285,-1.108745787,9.332675576,4.372615776,2.751031637,4.741250717,4.980170972,-0.928051651,2.125137289
Other small states,OSS,GDP growth (annual %),NY.GDP.MKTP.KD.ZG,7.494313303,1.828080088,8.277931001,7.655899272,3.659984036,3.013499901,2.918295544,2.793412602,2.393984811,2.170536072,2.143413236
Pakistan,PAK,GDP growth (annual %),NY.GDP.MKTP.KD.ZG,1.701405465,2.831658519,1.606691959,2.74840255,3.50703342,4.396456633,4.674707981,4.731147475,5.526735845,5.700621241,5.430010786
Panama,PAN,GDP growth (annual %),NY.GDP.MKTP.KD.ZG,9.855654852,1.242992318,5.827839392,11.31373175,9.778903946,6.903272566,5.066743218,5.732763632,4.966420444,5.321230184,3.677013629
Peru,PER,GDP growth (annual %),NY.GDP.MKTP.KD.ZG,9.126568301,1.095823659,8.332459107,6.327192402,6.139724706,5.852518211,2.381938283,3.255889597,3.955881804,2.519088535,3.976501519
Philippines,PHL,GDP growth (annual %),NY.GDP.MKTP.KD.ZG,4.152756843,1.14833222,7.63226478,3.659751601,6.683818881,7.064024264,6.145298786,6.066548905,6.884055037,6.677553566,6.243737742
Palau,PLW,GDP growth (annual %),NY.GDP.MKTP.KD.ZG,-5.355364719,-5.929866287,0.416866486,5.386599547,3.597216479,-2.103951357,4.7748518,10.4309733,0.526568961,-3.570566825,5
Papua New Guinea,PNG,GDP growth (annual %),NY.GDP.MKTP.KD.ZG,-0.294276458,6.805554142,10.12468622,1.107311011,4.648420685,3.829931274,13.5,9.5,4.1,1.549820847,0.427556313
Poland,POL,GDP growth (annual %),NY.GDP.MKTP.KD.ZG,4.249685342,2.820183973,3.606928261,5.01730439,1.607905585,1.391891419,3.318445415,3.838945167,3.062598541,4.814129544,5.149464079
Pre-demographic dividend,PRE,GDP growth (annual %),NY.GDP.MKTP.KD.ZG,6.881114908,5.074708871,6.3040629,4.56702277,5.641624908,5.962837798,4.800655799,3.070877054,2.746344319,1.713130733,2.205161027
Puerto Rico,PRI,GDP growth (annual %),NY.GDP.MKTP.KD.ZG,-1.84413425,-1.952425142,-0.413254118,-0.358510628,0.02927511,-0.306826657,-1.190363454,-1.049443651,-1.263002925,-2.65739342,-4.905626153
"Korea, Dem. People’s Rep.",PRK,GDP growth (annual %),NY.GDP.MKTP.KD.ZG,,,,,,,,,,,
Portugal,PRT,GDP growth (annual %),NY.GDP.MKTP.KD.ZG,0.199272801,-2.978104267,1.898691176,-1.826852351,-4.028256748,-1.130155823,0.893187725,1.822065644,1.925736297,2.795024248,2.144610499
Paraguay,PRY,GDP growth (annual %),NY.GDP.MKTP.KD.ZG,6.359120793,-0.257971434,11.14373579,4.249111045,-0.538512943,8.417495285,4.860890371,3.080374008,4.31290497,4.958051422,3.637826772
West Bank and Gaza,PSE,GDP growth (annual %),NY.GDP.MKTP.KD.ZG,6.079293326,8.662535025,8.099089262,12.4136357,6.284235772,2.217422457,-0.181890997,3.428732254,4.708435256,3.14023678,0.905278232
Pacific island small states,PSS,GDP growth (annual %),NY.GDP.MKTP.KD.ZG,1.984466474,-1.333935288,2.900447515,4.102820515,1.759449624,2.745233134,3.945499215,3.678484603,3.35080718,4.042383958,3.571921227
Post-demographic dividend,PST,GDP growth (annual %),NY.GDP.MKTP.KD.ZG,0.230772975,-3.493240174,2.796587483,1.564994681,1.131913407,1.332747914,1.884913883,2.108829047,1.6277052,2.264318763,2.12644756
French Polynesia,PYF,GDP growth (annual %),NY.GDP.MKTP.KD.ZG,,,,,,,,,,,
Qatar,QAT,GDP growth (annual %),NY.GDP.MKTP.KD.ZG,17.66355638,11.95656114,19.59233153,13.37517641,4.687259177,4.410274619,3.978882147,3.657510261,2.131310916,1.579850253,1.431648077
Romania,ROU,GDP growth (annual %),NY.GDP.MKTP.KD.ZG,9.307467171,-5.517394408,-3.90123628,2.007156244,2.077165007,3.514551804,3.4108091,3.871522323,4.800799906,6.991393543,4.095673942
Russian Federation,RUS,GDP growth (annual %),NY.GDP.MKTP.KD.ZG,5.199969265,-7.799993913,4.5,4.300029186,3.700057055,1.80000014,0.69999943,-2.307733505,0.329282332,1.630195944,2.254840053
Rwanda,RWA,GDP growth (annual %),NY.GDP.MKTP.KD.ZG,11.1672534,6.255647061,7.338194817,7.783920275,8.820321117,4.713550714,7.62457575,8.867977374,5.981314913,6.057831319,8.671683394
South Asia,SAS,GDP growth (annual %),NY.GDP.MKTP.KD.ZG,3.237490596,7.133470937,7.702666783,5.137253341,5.501737281,6.087311052,6.992301928,7.480020569,7.70780544,6.935768193,6.770633527
Saudi Arabia,SAU,GDP growth (annual %),NY.GDP.MKTP.KD.ZG,6.249772755,-2.059268194,5.039493675,9.996857794,5.411444902,2.699254723,3.652481698,4.10640887,1.670642347,-0.741529927,2.214968724
Sudan,SDN,GDP growth (annual %),NY.GDP.MKTP.KD.ZG,7.801963334,3.241847572,3.469335093,-1.967728979,0.521559267,4.394711132,2.679411813,4.906045175,4.700000042,4.283071004,-2.320827321
Senegal,SEN,GDP growth (annual %),NY.GDP.MKTP.KD.ZG,4.056375726,2.092527085,3.56274539,1.458388671,5.117394238,2.822105649,6.613074742,6.367263427,6.356396792,7.082922291,6.766293824
Singapore,SGP,GDP growth (annual %),NY.GDP.MKTP.KD.ZG,1.868212395,0.12100381,14.52564666,6.262267762,4.449315805,4.815045038,3.900573228,2.892499228,2.962327259,3.699781577,3.139464543
Solomon Islands,SLB,GDP growth (annual %),NY.GDP.MKTP.KD.ZG,7.106270238,-4.738346526,6.80904496,13.19563266,4.555394299,3.017849444,2.250090711,2.542240201,3.456606233,3.534339147,3.385522842
Sierra Leone,SLE,GDP growth (annual %),NY.GDP.MKTP.KD.ZG,5.39828521,3.188051216,5.346466052,6.315045036,15.18176908,20.71576829,4.556772366,-20.59877072,6.055474029,4.211182649,3.727955555
El Salvador,SLV,GDP growth (annual %),NY.GDP.MKTP.KD.ZG,2.127225069,-2.08339422,2.545755961,3.815257888,2.814487432,2.235637839,1.711269765,2.395029358,2.507458532,2.307938504,2.537631909
San Marino,SMR,GDP growth (annual %),NY.GDP.MKTP.KD.ZG,1.650165017,-12.82467532,-4.655493482,-9.440104167,-7.54852624,-3.032659409,-0.9,0.6,2.2,1.5,
Somalia,SOM,GDP growth (annual %),NY.GDP.MKTP.KD.ZG,,,,,,,,,,,
Serbia,SRB,GDP growth (annual %),NY.GDP.MKTP.KD.ZG,5.655574501,-2.731753651,0.731046443,2.036275726,-0.681542133,2.892634162,-1.589506184,1.776320973,3.340329069,2.049310525,4.301787715
Sub-Saharan Africa (excluding high income),SSA,GDP growth (annual %),NY.GDP.MKTP.KD.ZG,5.360533835,3.048839935,5.583823822,4.443970945,4.005723564,5.018745786,4.670476748,2.836086614,1.209237053,2.519656239,2.370095617
South Sudan,SSD,GDP growth (annual %),NY.GDP.MKTP.KD.ZG,,5.04164188,5.493416395,-4.640316736,-46.08212237,13.12973114,3.374480849,-10.79180849,-11.18408707,,
Sub-Saharan Africa,SSF,GDP growth (annual %),NY.GDP.MKTP.KD.ZG,5.35451747,3.045782821,5.584085951,4.446411441,4.003710748,5.019459264,4.670357327,2.837598718,1.211655679,2.521036701,2.37106998
Small states,SST,GDP growth (annual %),NY.GDP.MKTP.KD.ZG,6.229894729,0.817295531,7.029604755,6.5457774,3.272879037,2.740544046,2.552317613,2.572771916,1.776223561,1.94392944,2.113984249
Sao Tome and Principe,STP,GDP growth (annual %),NY.GDP.MKTP.KD.ZG,8.186171817,2.426281345,6.67198532,4.398201685,3.141975852,4.814794386,6.5499331,3.798398936,4.172377734,3.871185947,2.657693757
Suriname,SUR,GDP growth (annual %),NY.GDP.MKTP.KD.ZG,4.149342537,3.017347611,5.165237772,5.849367784,2.690350057,2.93344123,0.255503145,-3.411095864,-5.561193424,1.687083602,1.997252457
Slovak Republic,SVK,GDP growth (annual %),NY.GDP.MKTP.KD.ZG,5.629779025,-5.422542313,5.041716665,2.819099518,1.657148687,1.490646438,2.750335017,4.174873197,3.125410105,3.188341055,4.109049583
Slovenia,SVN,GDP growth (annual %),NY.GDP.MKTP.KD.ZG,3.300130299,-7.797276576,1.237755909,0.649366928,-2.669582052,-1.132054981,2.950565154,2.304895835,3.068087059,4.880537506,4.487220551
Sweden,SWE,GDP growth (annual %),NY.GDP.MKTP.KD.ZG,-0.557058102,-5.195897814,5.991968041,2.679228103,-0.298512381,1.238349398,2.60190267,4.45656911,2.683966343,2.10471614,2.358939552
Eswatini,SWZ,GDP growth (annual %),NY.GDP.MKTP.KD.ZG,0.821663914,1.565048852,3.793754968,2.247229761,4.717920611,6.421043807,1.931010027,0.391128861,3.222472416,1.873054342,0.62404407
Sint Maarten (Dutch part),SXM,GDP growth (annual %),NY.GDP.MKTP.KD.ZG,,,3.2,4.6,1.39054667,1.306727883,1.580384638,0.50906595,0.43250626,,
Seychelles,SYC,GDP growth (annual %),NY.GDP.MKTP.KD.ZG,-2.146892655,-1.105245793,5.954962469,7.887279597,1.260828834,6.018076825,4.504785244,4.937385619,4.503032666,4.332388099,3.627351583
Syrian Arab Republic,SYR,GDP growth (annual %),NY.GDP.MKTP.KD.ZG,,,,,,,,,,,
Turks and Caicos Islands,TCA,GDP growth (annual %),NY.GDP.MKTP.KD.ZG,,,,,-2.53,1.36532085,6.70368436,5.941270828,4.399701715,4.275465839,5.282085494
Chad,TCD,GDP growth (annual %),NY.GDP.MKTP.KD.ZG,3.052691532,4.217695552,13.55010086,0.082869798,8.882576072,5.700001363,6.899985045,2.767675685,-6.255527085,-2.988695986,2.641330034
East Asia & Pacific (IDA & IBRD countries),TEA,GDP growth (annual %),NY.GDP.MKTP.KD.ZG,8.43324815,7.695149679,9.777111914,8.469063535,7.509864609,7.201279803,6.759599155,6.510057128,6.368779578,6.472769264,6.323900351
Europe & Central Asia (IDA & IBRD countries),TEC,GDP growth (annual %),NY.GDP.MKTP.KD.ZG,4.350698028,-4.894504066,4.768983254,5.802053662,3.33395495,3.629452483,2.333893504,1.224060232,1.940057312,4.115795466,3.081471401
Togo,TGO,GDP growth (annual %),NY.GDP.MKTP.KD.ZG,4.062252828,5.537910972,6.099259161,6.398199052,6.543507031,6.112343078,5.920588571,5.742868453,4.918356443,4.449407392,4.884130464
Thailand,THA,GDP growth (annual %),NY.GDP.MKTP.KD.ZG,1.725667908,-0.690733346,7.513590658,0.839959472,7.242786605,2.687379919,0.984414064,3.133896962,3.356488872,4.024085781,4.129226103
Tajikistan,TJK,GDP growth (annual %),NY.GDP.MKTP.KD.ZG,7.910529533,3.89282113,6.520680751,7.400640543,7.486175224,7.400081256,6.705968168,6.008287872,6.872963797,7.617492691,7.300000287
Turkmenistan,TKM,GDP growth (annual %),NY.GDP.MKTP.KD.ZG,14.7,6.100000115,9.199999988,14.69999993,11.09999996,10.2000001,10.29999997,6.49999991,6.199999966,6.500000047,6.199999941
Latin America & the Caribbean (IDA & IBRD countries),TLA,GDP growth (annual %),NY.GDP.MKTP.KD.ZG,4.064725871,-1.899614086,6.045165225,4.523295207,2.849989171,2.827309234,1.045205761,0.047912459,-0.350490596,1.734139568,1.565725555
Timor-Leste,TLS,GDP growth (annual %),NY.GDP.MKTP.KD.ZG,9.923218663,-6.041631022,-1.172062445,11.4579084,5.02312233,-11.08621985,-25.90717208,20.62560112,0.706714168,-9.153986478,2.813981429
Middle East & North Africa (IDA & IBRD countries),TMN,GDP growth (annual %),NY.GDP.MKTP.KD.ZG,3.507453618,2.517655773,5.252958893,-1.019896821,2.777994064,1.658286803,2.111110862,0.965836222,7.525099116,3.042142891,
Tonga,TON,GDP growth (annual %),NY.GDP.MKTP.KD.ZG,3.099519869,2.290612704,3.585657371,2.785145889,0.890322581,-3.120603658,2.072607261,3.71184687,3.37947375,2.7,0.3
South Asia (IDA & IBRD),TSA,GDP growth (annual %),NY.GDP.MKTP.KD.ZG,3.237490596,7.133470937,7.702666783,5.137253341,5.501737281,6.087311052,6.992301928,7.480020569,7.70780544,6.935768193,6.770633527
Sub-Saharan Africa (IDA & IBRD countries),TSS,GDP growth (annual %),NY.GDP.MKTP.KD.ZG,5.35451747,3.045782821,5.584085951,4.446411441,4.003710748,5.019459264,4.670357327,2.837598718,1.211655679,2.521036701,2.37106998
Trinidad and Tobago,TTO,GDP growth (annual %),NY.GDP.MKTP.KD.ZG,3.391737078,-4.391729247,3.32322471,-0.294354409,1.293978927,2.006002534,-0.969684155,1.777885851,-6.509206979,-1.9,0.700000005
Tunisia,TUN,GDP growth (annual %),NY.GDP.MKTP.KD.ZG,4.237776836,3.043448955,3.510608639,-1.91717768,3.997674002,2.875523842,2.971398345,1.194541781,1.262528555,1.824675319,2.505332965
Turkey,TUR,GDP growth (annual %),NY.GDP.MKTP.KD.ZG,0.845251454,-4.70446591,8.487372139,11.11349557,4.789940281,8.491309299,5.166690718,6.085886616,3.183831547,7.441193291,2.566623037
Tuvalu,TUV,GDP growth (annual %),NY.GDP.MKTP.KD.ZG,7.983260905,-4.432851394,-2.729427912,7.515954206,-3.835748821,4.576823704,1.348012682,9.142893933,3.034723153,4.094017717,2.5
Tanzania,TZA,GDP growth (annual %),NY.GDP.MKTP.KD.ZG,5.68641686,5.269105248,6.336523427,7.672155435,4.50015356,6.781585601,6.732461868,6.160628774,6.867116196,6.785680114,5.2
Uganda,UGA,GDP growth (annual %),NY.GDP.MKTP.KD.ZG,8.708751901,6.801517348,5.637599803,9.391667749,3.837455606,3.586905826,5.106307324,5.187859863,4.781000291,3.863023757,6.090144553
Ukraine,UKR,GDP growth (annual %),NY.GDP.MKTP.KD.ZG,2.304028779,-14.75854536,3.834387699,5.465531905,0.238681306,-0.026729649,-6.552618891,-9.772973947,2.440994738,2.466053452,3.335489309
Upper middle income,UMC,GDP growth (annual %),NY.GDP.MKTP.KD.ZG,5.858002769,1.519427397,7.516760372,6.244017744,5.105805826,4.968980104,4.049477942,3.413833623,3.871586658,4.644423832,4.301104431
Uruguay,URY,GDP growth (annual %),NY.GDP.MKTP.KD.ZG,7.176144662,4.243494178,7.803409668,5.162133026,3.538178707,4.637538643,3.238791216,0.370741267,1.689798162,2.591338687,1.620083629
United States,USA,GDP growth (annual %),NY.GDP.MKTP.KD.ZG,-0.136579805,-2.536757066,2.563766558,1.550835506,2.249545852,1.84208107,2.451973036,2.880910466,1.56721517,2.21701033,2.856992804
Uzbekistan,UZB,GDP growth (annual %),NY.GDP.MKTP.KD.ZG,9.029161018,8.050933327,8.479061864,8.281303322,8.179751424,8.026048971,7.179388989,7.448470308,6.094325243,4.461627697,5.132986392
St. Vincent and the Grenadines,VCT,GDP growth (annual %),NY.GDP.MKTP.KD.ZG,1.584471793,-2.099061259,-3.35352589,-0.419351482,1.382420411,1.833169437,1.213671696,1.341638992,1.975455939,0.859946222,2.556897137
"Venezuela, RB",VEN,GDP growth (annual %),NY.GDP.MKTP.KD.ZG,5.277854124,-3.202302657,-1.488791251,4.176425359,5.625956975,1.343094036,-3.894386475,,,,
British Virgin Islands,VGB,GDP growth (annual %),NY.GDP.MKTP.KD.ZG,,,,,,,,,,,
Virgin Islands (U.S.),VIR,GDP growth (annual %),NY.GDP.MKTP.KD.ZG,0.941704036,-6.64149267,0.904116108,-8.158453195,-15.01925546,-5.83081571,-0.866217517,0.194174757,0.904392765,-1.696542894,
Vietnam,VNM,GDP growth (annual %),NY.GDP.MKTP.KD.ZG,5.661771208,5.397897543,6.423238217,6.240302749,5.247367156,5.421882991,5.983654637,6.679288789,6.210811668,6.81224566,7.075788617
Vanuatu,VUT,GDP growth (annual %),NY.GDP.MKTP.KD.ZG,6.448521358,3.312815802,1.629081596,1.223225535,1.754749927,1.96914608,2.331006215,-0.801094177,4.000574486,4.500680305,3.2
World,WLD,GDP growth (annual %),NY.GDP.MKTP.KD.ZG,1.853974894,-1.68661868,4.279809745,3.125147979,2.511984691,2.651506353,2.841105338,2.855552268,2.571412502,3.160211534,3.034509442
Samoa,WSM,GDP growth (annual %),NY.GDP.MKTP.KD.ZG,1.009086658,-4.8082722,0.479158713,5.778544297,0.402103619,-1.933858756,1.396758008,1.45106458,7.169421486,2.704796224,0.724091004
Kosovo,XKX,GDP growth (annual %),NY.GDP.MKTP.KD.ZG,2.644818653,3.341665533,3.309574839,4.812563323,2.89534857,3.431230009,1.198070976,4.094454536,4.056578596,4.227908537,4.145371948
"Yemen, Rep.",YEM,GDP growth (annual %),NY.GDP.MKTP.KD.ZG,3.64756947,3.866229516,7.70230704,-12.7148969,2.392990209,4.823519067,-0.188690232,-16.67846313,-13.62145844,-5.942319504,-2.701474865
South Africa,ZAF,GDP growth (annual %),NY.GDP.MKTP.KD.ZG,3.191046741,-1.538089334,3.039730814,3.284168142,2.213354808,2.4852005,1.846991604,1.279549282,0.565344944,1.31674486,0.622074898
Zambia,ZMB,GDP growth (annual %),NY.GDP.MKTP.KD.ZG,7.773895815,9.220348406,10.29820585,5.564624717,7.597616969,5.059376378,4.695826373,2.91988111,3.757177805,3.403168851,3.794900917
Zimbabwe,ZWE,GDP growth (annual %),NY.GDP.MKTP.KD.ZG,-17.66894629,12.01955993,19.67532314,14.19391296,16.66542877,1.989492762,2.376929327,1.779872703,0.755869251,4.704035348,6.159189798
